,app,clocks.current.sm [MHz],power.draw [W],base_run_time,energy
0,bfs,544,44.09934856587271,23.0,1014.2850170150722
1,bfs,556,43.24983455882325,23.0,994.7461948529348
2,bfs,569,43.623768183951206,24.052088221492262,1049.2427209143216
3,bfs,582,44.591933233682106,24.0,1070.2063976083707
4,bfs,594,44.75240981963939,24.0,1074.0578356713454
5,bfs,607,44.319178082192046,23.00045662100457,1019.3613329580348
6,bfs,620,45.21396608315103,23.0,1039.9212199124736
7,bfs,632,44.885140703517926,23.0,1032.3582361809124
8,bfs,645,45.20082754629645,23.0,1039.6190335648182
9,bfs,658,45.202834342322575,24.0,1084.8680242157418
10,bfs,670,44.973614157527685,23.0,1034.3931256231372
11,bfs,683,44.35863324538272,23.00527704485488,1020.4826471411396
12,bfs,696,45.089940268790556,24.0,1082.1585664509737
13,bfs,708,45.74078917050691,23.0,1052.0381509216588
14,bfs,721,45.330776942356174,23.0,1042.6078696741922
15,bfs,734,45.247071713147534,23.0,1040.6826494023933
16,bfs,746,44.78254949299871,24.0,1074.781187831969
17,bfs,759,44.66038773148157,23.0,1027.1889178240758
18,bfs,772,45.23159292035394,23.0,1040.3266371681407
19,bfs,784,44.94985966500672,23.09144409234948,1037.9571714134577
20,bfs,797,46.22917293233093,24.0,1109.5001503759424
21,bfs,810,46.10719677906409,23.0,1060.465525918474
22,bfs,822,45.776661654135104,23.0,1052.8632180451073
23,bfs,835,45.37113155473754,23.17479300827967,1051.4665823324688
24,bfs,847,45.420368689733365,24.0,1090.0888485536007
25,bfs,860,46.25914256722508,23.0,1063.9602790461768
26,bfs,873,46.58335019673973,24.0,1118.0004047217537
27,bfs,885,46.26831728332508,24.0,1110.439614799802
28,bfs,898,46.48853558627746,24.0,1115.724854070659
29,bfs,911,46.75944274028638,24.00562372188139,1122.4895878681734
30,bfs,923,46.432034239677954,24.000503524672713,1114.3922014271147
31,bfs,936,46.86806360022714,24.0,1124.8335264054517
32,bfs,949,47.18178591871788,25.0,1179.544647967947
33,bfs,961,46.6446376811594,23.02198900549725,1073.8523358610544
34,bfs,974,47.29706762417714,24.0,1135.1296229802515
35,bfs,987,47.403100541842214,24.0,1137.6744130042132
36,bfs,999,46.407161470451506,24.91717077710563,1156.3351676399568
37,bfs,1012,47.66954451345751,24.0,1144.0690683229802
38,bfs,1025,46.51788433020278,24.0,1116.4292239248668
39,bfs,1037,47.62944645628554,24.0,1143.106714950853
40,bfs,1050,48.12244860943141,25.0,1203.0612152357853
41,bfs,1063,48.37044028950526,24.0,1160.8905669481262
42,bfs,1075,48.75653645833327,24.0,1170.1568749999985
43,bfs,1088,49.36130246913585,24.0,1184.6712592592598
44,bfs,1101,48.12973982970682,24.908230842005675,1198.8266700440124
45,bfs,1113,49.83910937500006,25.0,1245.9777343750015
46,bfs,1126,50.5066719077568,25.0,1262.66679769392
47,bfs,1139,50.706901041666825,24.0,1216.9656250000035
48,bfs,1151,51.47066072364967,24.0,1235.295857367592
49,bfs,1164,51.527720125786196,25.0,1288.193003144655
50,bfs,1177,52.92243290548418,24.0,1270.1383897316202
51,bfs,1189,52.352929085302954,25.0,1308.8232271325735
52,bfs,1202,53.168537220198004,24.0,1276.044893284752
53,bfs,1215,54.46905709795705,25.0,1361.7264274489262
54,bfs,1227,55.27890049140042,24.0,1326.6936117936102
55,bfs,1240,55.61169022741239,24.0,1334.6805654578973
56,bfs,1252,55.756063941299715,25.0,1393.9015985324934
57,bfs,1265,56.56915084388196,24.0,1357.6596202531668
58,bfs,1278,56.63273878627943,25.0,1415.8184696569854
59,bfs,1290,57.82800822561695,24.0,1387.8721974148068
60,bfs,1303,57.6701014198781,25.0,1441.7525354969525
61,bfs,1316,59.58196333530453,24.0,1429.9671200473088
62,bfs,1328,60.0016992084433,25.0,1500.0424802110824
63,bplustree,544,53.352698027314226,26.00060698027314,1387.2025327453916
64,bplustree,556,52.59958593306892,26.017016449234262,1368.484292443565
65,bplustree,569,53.30803236059002,26.0,1386.0088413753406
66,bplustree,582,53.864866608033886,26.0,1400.486531808881
67,bplustree,594,52.768748233965155,27.52161627578412,1452.2812402486502
68,bplustree,607,55.886467181466905,27.0,1508.9346138996066
69,bplustree,620,54.71718531998831,27.02669093114953,1478.8244562657562
70,bplustree,632,55.34038805050746,27.000615953187555,1494.2245644521215
71,bplustree,645,55.815731422861795,27.17794068643785,1516.9566379806836
72,bplustree,658,55.73365034526238,27.0,1504.8085593220844
73,bplustree,670,56.155114358322756,27.0,1516.1880876747143
74,bplustree,683,56.206952978056094,28.04200626959248,1576.1557278053385
75,bplustree,696,56.85519766688071,28.0,1591.94553467266
76,bplustree,708,57.33902677987978,28.00065316786414,1605.5302018462876
77,bplustree,721,57.31347982945097,28.07248278123975,1608.931675645194
78,bplustree,734,57.93099562731339,28.0,1622.0678775647755
79,bplustree,746,58.02471356784061,28.00033500837521,1624.711418664551
80,bplustree,759,58.364403669725895,29.0,1692.5677064220508
81,bplustree,772,58.43963884156781,29.0,1694.7495264054667
82,bplustree,784,58.5457383241769,29.00137362637363,1697.9068313713556
83,bplustree,797,58.919295823266076,29.0,1708.6595788747165
84,bplustree,810,60.65438998589549,29.0,1758.9773095909688
85,bplustree,822,60.58801556420175,30.0,1817.6404669260526
86,bplustree,835,61.23699052132721,30.001974723538705,1837.2306417664379
87,bplustree,847,60.057939698492795,30.00430725053841,1801.996875547886
88,bplustree,860,61.346327724946406,30.0,1840.389831748392
89,bplustree,873,61.352820890034465,31.0,1901.9374475910683
90,bplustree,885,61.60219132369256,31.0,1909.6679310344693
91,bplustree,898,61.741725037257616,31.0,1913.993476154986
92,bplustree,911,62.64424253872347,31.0,1941.9715187004276
93,bplustree,923,64.07422259983002,32.0,2050.3751231945607
94,bplustree,936,63.290817270623826,32.00539707016191,2025.647737641377
95,bplustree,949,64.81121772805395,32.0,2073.9589672977263
96,bplustree,961,63.3818164138478,32.047063399455475,2031.201088987228
97,bplustree,974,64.16084053417289,33.0,2117.3077376277056
98,bplustree,987,64.52598105013635,33.0,2129.3573746545003
99,bplustree,999,64.27880690737862,33.0914442700157,2127.07855651862
100,bplustree,1012,67.86434822242421,34.0,2307.3878395624233
101,bplustree,1025,67.04264530892544,34.0,2279.449940503465
102,bplustree,1037,65.78984146341381,35.0,2302.6444512194826
103,bplustree,1050,66.77072689938443,35.0,2336.9754414784547
104,bplustree,1063,66.97597273853903,35.0,2344.159045848866
105,bplustree,1075,70.64561520190105,36.0,2543.242147268437
106,bplustree,1088,68.95901384809275,36.0,2482.5244985313393
107,bplustree,1101,71.34174502329779,36.0,2568.302820838721
108,bplustree,1113,73.42221319311619,37.0,2716.621888145299
109,bplustree,1126,73.22351328191984,37.0,2709.2699914310338
110,bplustree,1139,76.02026137463638,37.0,2812.749670861546
111,bplustree,1151,75.29083188908156,38.0,2861.0516117851002
112,bplustree,1164,78.24052216748642,38.0,2973.139842364484
113,bplustree,1177,80.80283417085509,39.0,3151.310532663349
114,bplustree,1189,79.55980625275187,39.0,3102.832443857324
115,bplustree,1202,81.25167847652892,39.0,3168.8154605846285
116,bplustree,1215,82.97877523553173,40.0,3319.15100942127
117,bplustree,1227,85.80142057026444,40.0,3432.0568228105767
118,bplustree,1240,86.5475011256195,41.0,3548.4475461504
119,bplustree,1252,87.18389639639744,41.0,3574.5397522522953
120,bplustree,1265,88.68461050724709,41.0,3636.069030797131
121,bplustree,1278,89.36639508420622,42.0,3753.3885935366607
122,bplustree,1290,92.06894226327879,43.0,3958.9645173209888
123,bplustree,1303,95.23643720930285,43.0,4095.166800000023
124,bplustree,1316,95.48931818181688,44.0,4201.529999999942
125,bplustree,1328,97.41974157821909,45.0,4383.888371019861
126,cfd,544,60.9389532412325,17.0,1035.9622051009524
127,cfd,556,61.11910647405007,19.0,1161.2630230069515
128,cfd,569,62.010639823497364,17.0,1054.1808769994552
129,cfd,582,62.1028547854786,17.0,1055.748531353136
130,cfd,594,62.179006622516525,17.0060706401766,1057.4205789585246
131,cfd,607,63.15005564830306,17.00222593210907,1073.6915137577091
132,cfd,620,62.53582172701975,19.0,1188.1806128133753
133,cfd,632,59.61130855397173,20.188391038696533,1203.456407415977
134,cfd,645,63.421395216401265,18.0,1141.5851138952225
135,cfd,658,63.61190394511174,18.01143510577473,1145.7416798621555
136,cfd,670,62.946172355904274,18.051482932288753,1136.271755935512
137,cfd,683,63.96265011547329,18.04041570438799,1153.9127976374584
138,cfd,696,64.3326107226106,18.0,1157.9869930069908
139,cfd,708,63.9417321016164,19.013856812933025,1215.7789385510575
140,cfd,721,64.04254169062669,19.072455434157558,1221.4485222846554
141,cfd,734,64.92235849056594,18.0,1168.6024528301868
142,cfd,746,65.24671029149305,19.0,1239.6874955383678
143,cfd,759,65.36271538918606,19.0,1241.891592394535
144,cfd,772,65.43596668649626,18.0,1177.8474003569327
145,cfd,784,64.6084423856394,19.014475969889983,1228.4956751937618
146,cfd,797,65.84382264829229,19.0,1251.0326303175536
147,cfd,810,67.23095498783465,19.0,1277.3881447688584
148,cfd,822,66.49787014563097,18.0,1196.9616626213576
149,cfd,835,66.58004257907578,19.0,1265.0208090024396
150,cfd,847,66.68351581508513,21.0,1400.3538321167878
151,cfd,860,67.13710769230751,19.0,1275.6050461538427
152,cfd,873,66.95372489348776,20.0,1339.0744978697553
153,cfd,885,67.80620174346221,19.0,1288.317833125782
154,cfd,898,66.94221336603306,19.0,1271.9020539546284
155,cfd,911,68.51725837018344,19.001895135818067,1301.9577585439783
156,cfd,923,68.67702154626122,19.0,1304.863409378963
157,cfd,936,68.69090851734998,19.02145110410095,1306.6007576590441
158,cfd,949,68.9043643263755,20.0,1378.0872865275094
159,cfd,961,69.31794773741228,21.0,1455.676902485658
160,cfd,974,69.29689413265311,23.0,1593.828565051021
161,cfd,987,69.28861695347354,20.0,1385.7723390694707
162,cfd,999,68.87380503144685,20.028930817610068,1379.468676120413
163,cfd,1012,71.42540822991492,21.0,1499.9335728282133
164,cfd,1025,70.9790802348333,20.0,1419.5816046966659
165,cfd,1037,71.5241345525797,20.0,1430.4826910515935
166,cfd,1050,73.17367197875149,20.0,1463.4734395750297
167,cfd,1063,72.31464639788466,20.0,1446.2929279576929
168,cfd,1075,73.29403795811585,21.027486910994767,1541.1894238182344
169,cfd,1088,74.45501004688552,21.0,1563.555210984596
170,cfd,1101,75.19223920265814,21.0,1579.037023255821
171,cfd,1113,75.59474212994009,22.0,1663.0843268586825
172,cfd,1126,77.03581363943243,22.0,1694.7879000675134
173,cfd,1139,77.85024848891902,22.0,1712.705466756218
174,cfd,1151,79.41650340136101,21.0,1667.7465714285813
175,cfd,1164,79.8224715338247,22.0,1756.094373744143
176,cfd,1177,81.02182183523136,22.0,1782.4800803750907
177,cfd,1189,82.2473270651448,22.0,1809.4411954331854
178,cfd,1202,83.73309878213783,21.0,1758.3950744248943
179,cfd,1215,86.1268537768536,23.0,1980.9176368676328
180,cfd,1227,86.73089972527468,22.0,1908.0797939560427
181,cfd,1240,87.82273662551425,22.0,1932.1002057613134
182,cfd,1252,89.76013194444464,25.0,2244.003298611116
183,cfd,1265,90.46374125874144,22.0,1990.2023076923115
184,cfd,1278,91.4204539106148,22.0,2011.2499860335254
185,cfd,1290,93.04035589672048,22.0,2046.8878297278507
186,cfd,1303,95.32179020979008,24.0,2287.722965034962
187,cfd,1316,96.70515151515109,23.0,2224.218484848475
188,cfd,1328,101.21594632768392,23.0,2327.9667655367302
189,cutcp,544,47.481269008914225,11.0,522.2939590980567
190,cutcp,556,48.659343434343384,12.0,583.9121212121205
191,cutcp,569,48.4590136239781,11.0,533.0491498637591
192,cutcp,582,49.53315687540296,11.0,544.8647256294324
193,cutcp,594,50.20477642276474,11.0,552.2525406504121
194,cutcp,607,50.510219907407325,11.0,555.6124189814805
195,cutcp,620,50.48580721466526,11.0,555.3438793613178
196,cutcp,632,51.007993957703974,11.0,561.0879335347437
197,cutcp,645,51.06054951690813,12.0,612.7265942028977
198,cutcp,658,51.65453703703734,11.0,568.1999074074107
199,cutcp,670,52.25255050505093,11.0,574.7780555555602
200,cutcp,683,52.844957983193034,13.0,686.9844537815095
201,cutcp,696,52.948436692506974,12.0,635.3812403100836
202,cutcp,708,54.557869387755225,12.0,654.6944326530628
203,cutcp,721,54.95733278955954,12.0,659.4879934747144
204,cutcp,734,54.28621273712751,13.0,705.7207655826575
205,cutcp,746,55.01273611111099,12.0,660.1528333333317
206,cutcp,759,55.05227083333384,12.0,660.6272500000061
207,cutcp,772,55.814907407407595,12.0,669.7788888888912
208,cutcp,784,56.43433479532115,13.0,733.6463523391748
209,cutcp,797,56.63997807017489,13.0,736.3197149122735
210,cutcp,810,58.208190690690664,13.0,756.7064789789787
211,cutcp,822,57.55418168168149,13.0,748.2043618618593
212,cutcp,835,58.4112268518517,13.0,759.3459490740721
213,cutcp,847,58.44724537036994,13.0,759.8141898148093
214,cutcp,860,59.481920634920776,14.0,832.7468888888908
215,cutcp,873,59.49532539682552,14.0,832.9345555555573
216,cutcp,885,59.506677240285434,14.0,833.0934813639961
217,cutcp,898,60.44188725490171,14.0,846.1864215686238
218,cutcp,911,61.646183656276904,14.0,863.0465711878768
219,cutcp,923,61.67840909090946,14.0,863.4977272727324
220,cutcp,936,63.13916844349672,15.0,947.0875266524507
221,cutcp,949,61.72697224558426,15.0,925.904583683764
222,cutcp,961,62.78762152777818,15.0,941.8143229166728
223,cutcp,974,62.97760624457962,15.0,944.6640936686942
224,cutcp,987,63.03235039028613,15.0,945.4852558542917
225,cutcp,999,64.03719534050143,15.0,960.5579301075213
226,cutcp,1012,68.39555917481003,16.0,1094.3289467969605
227,cutcp,1025,64.78915223336371,16.0,1036.6264357338196
228,cutcp,1037,66.0178436911486,16.0,1056.2854990583776
229,cutcp,1050,66.9129877474082,16.0,1070.6078039585311
230,cutcp,1063,67.37574387947247,16.0,1078.0119020715597
231,cutcp,1075,70.52759493670936,17.0,1198.9691139240592
232,cutcp,1088,70.675331384016,17.0,1201.4806335282722
233,cutcp,1101,71.9072346640705,17.0,1222.4229892891985
234,cutcp,1113,72.10778967867611,18.0,1297.9402142161698
235,cutcp,1126,74.69860746720454,18.0,1344.574934409682
236,cutcp,1139,77.8686102062978,18.0,1401.6349837133605
237,cutcp,1151,77.1691523713427,18.0,1389.0447426841688
238,cutcp,1164,77.26268415741691,19.0,1467.990998990921
239,cutcp,1177,79.61016129032274,19.0,1512.5930645161318
240,cutcp,1189,80.66211297071185,19.0,1532.580146443525
241,cutcp,1202,83.99800209205034,20.0,1679.9600418410068
242,cutcp,1215,85.59526150627562,20.0,1711.9052301255124
243,cutcp,1227,87.10569296375247,21.0,1829.2195522388024
244,cutcp,1240,88.71648421052643,21.0,1863.046168421055
245,cutcp,1252,90.77786652078785,21.0,1906.3351969365451
246,cutcp,1265,92.42960612691479,21.0,1941.0217286652105
247,cutcp,1278,92.49120350109409,22.0,2034.8064770240705
248,cutcp,1290,95.24256830601078,23.0,2190.579071038248
249,cutcp,1303,97.96279781420776,23.0,2253.1443497267787
250,cutcp,1316,100.51649601820257,24.0,2412.3959044368607
251,cutcp,1328,101.52092150170658,24.0,2436.502116040958
252,fft,544,73.888847117795,12.0,886.6661654135399
253,fft,556,70.69007606263864,12.0,848.2809127516638
254,fft,569,75.27171915333022,12.002581311306145,903.454929579646
255,fft,582,72.00846599131562,11.465508924264352,825.6137094460153
256,fft,594,72.44811759127536,11.594594594594595,840.0065526123549
257,fft,607,74.47608739326995,11.989452536413864,892.9275148994211
258,fft,620,79.12067901234485,11.0,870.3274691357933
259,fft,632,82.58667567567474,12.004054054054055,991.3749189554304
260,fft,645,83.90040845070409,11.0,922.9044929577451
261,fft,658,81.48906139315451,12.0,977.8687367178543
262,fft,670,81.94291319857302,12.014268727705113,984.4841794986703
263,fft,683,86.27996336996384,12.0014652014652,1035.4859779683134
264,fft,696,83.9700433436546,12.0,1007.6405201238553
265,fft,708,84.69216300940376,13.0,1100.9981191222494
266,fft,721,85.59957188498394,12.0,1027.1948626198075
267,fft,734,89.75933333333326,12.0,1077.1119999999992
268,fft,746,87.5532622950812,12.0,1050.6391475409744
269,fft,759,91.34187903225911,12.0,1096.1025483871094
270,fft,772,88.7019635627515,12.0,1064.4235627530181
271,fft,784,86.82792674950944,13.094179202092874,1136.94043260427
272,fft,797,93.88194562446932,14.0,1314.3472387425704
273,fft,810,92.00940350877191,13.0,1196.1222456140347
274,fft,822,86.23289981331669,13.248911014312384,1142.4920161327475
275,fft,835,92.74730741540674,13.0,1205.7149964002874
276,fft,847,93.67100073046083,13.0,1217.7230094959912
277,fft,860,94.19079646017795,13.0,1224.4803539823133
278,fft,873,95.04136262099827,14.0,1330.5790766939756
279,fft,885,96.267864741642,14.0,1347.7501063829875
280,fft,898,96.67250191864876,14.0,1353.4150268610827
281,fft,911,97.39157650695569,14.002318392581143,1363.707863005819
282,fft,923,98.3111640624996,14.0,1376.3562968749945
283,fft,936,91.18243697478908,15.222689075630253,1388.0418872254654
284,fft,949,99.59185361973029,15.0,1493.8778042959545
285,fft,961,99.83023162939205,15.02396166134185,1499.8455726428629
286,fft,974,106.78872916666779,15.016666666666667,1603.6107496527945
287,fft,987,101.9608799342099,15.0,1529.4131990131484
288,fft,999,109.71907120743128,15.0,1645.7860681114691
289,fft,1012,105.26827820186595,16.0,1684.2924512298553
290,fft,1025,110.64729338842986,16.0,1770.3566942148777
291,fft,1037,106.7610717703345,16.462200956937803,1757.5222178613049
292,fft,1050,106.81895379250156,16.0,1709.1032606800254
293,fft,1063,108.0148024582973,16.0,1728.2368393327567
294,fft,1075,119.33734475374752,17.0,2028.7348608137079
295,fft,1088,119.44151832460732,17.0,2030.505811518325
296,fft,1101,113.85634963768128,17.0,1935.5579438405814
297,fft,1113,115.97169724770691,18.0,2087.490550458724
298,fft,1126,117.6026856095331,18.0,2116.848340971596
299,fft,1139,118.90152133580654,18.0,2140.2273840445173
300,fft,1151,122.1576569821924,18.0,2198.837825679463
301,fft,1164,132.76120559741707,19.0,2522.462906350925
302,fft,1177,126.891417697431,19.0,2410.936936251189
303,fft,1189,128.3862356321845,19.003831417624518,2439.830378297453
304,fft,1202,130.7010192307693,20.0,2614.0203846153863
305,fft,1215,139.27857900318213,20.0,2785.5715800636426
306,fft,1227,135.54310981535428,21.0,2846.4053061224395
307,fft,1240,145.17896367521368,21.0,3048.7582371794874
308,fft,1252,140.9179249011849,21.0,2959.276422924884
309,fft,1265,142.38896551724181,21.0,2990.168275862078
310,fft,1278,144.96951195219145,22.0,3189.329262948212
311,fft,1290,148.35706999999917,23.0,3412.212609999981
312,fft,1303,156.4569379014987,23.0,3598.5095717344702
313,fft,1316,158.51270299145273,24.0,3804.304871794866
314,fft,1328,157.94077309236903,24.0,3790.5785542168574
315,ge,544,46.56154175588852,12.0,558.7385010706622
316,ge,556,46.5528102710412,11.0,512.0809129814531
317,ge,569,47.08745054945039,12.0,565.0494065934048
318,ge,582,47.143338213763116,11.0,518.5767203513942
319,ge,594,47.47523297491064,11.0,522.227562724017
320,ge,607,48.15927873779114,11.0,529.7520661157025
321,ge,620,48.29086620262954,11.0,531.199528228925
322,ge,632,47.76261978361683,11.0,525.3888176197852
323,ge,645,48.45070324574978,12.0,581.4084389489974
324,ge,658,49.033330683624726,11.0,539.366637519872
325,ge,670,49.0183545310014,11.0,539.2018998410153
326,ge,683,49.07760731319537,11.0,539.853680445149
327,ge,696,49.12838760921333,14.0,687.7974265289865
328,ge,708,49.798797054009505,13.0,647.3843617021237
329,ge,721,49.90565466448467,12.0,598.8678559738162
330,ge,734,50.040907407407644,12.0,600.4908888888917
331,ge,746,49.777673772011354,12.0,597.3320852641363
332,ge,759,50.292046296296455,12.0,603.5045555555572
333,ge,772,50.72589376053975,12.0,608.710725126477
334,ge,784,50.84359190556489,12.0,610.1231028667787
335,ge,797,50.85317592592578,12.0,610.2381111111092
336,ge,810,52.271286956521685,12.0,627.2554434782601
337,ge,822,51.69799130434775,12.0,620.3758956521732
338,ge,835,51.889791304347725,14.0,726.4570782608682
339,ge,847,51.958443478260676,13.0,675.4597652173887
340,ge,860,52.82614003590689,13.0,686.7398204667895
341,ge,873,52.865700179533285,13.0,687.2541023339327
342,ge,885,52.89940807174895,13.0,687.6923049327362
343,ge,898,53.002260089686146,13.0,689.02938116592
344,ge,911,53.902551020407905,14.0,754.6357142857107
345,ge,923,53.94746987951807,13.0,701.3171084337349
346,ge,936,54.588494726750056,14.0,764.2389261745008
347,ge,949,54.122335495829525,13.0,703.5903614457837
348,ge,961,54.69802303262947,13.0,711.0742994241832
349,ge,974,55.17744721689056,14.0,772.4842610364677
350,ge,987,55.28727447216893,14.0,774.021842610365
351,ge,999,55.336548418024705,14.0,774.7116778523457
352,ge,1012,56.65896585365866,14.0,793.2255219512214
353,ge,1025,55.9361365853656,14.0,783.1059121951182
354,ge,1037,56.33734309623418,14.0,788.7228033472784
355,ge,1050,57.47200202224476,15.0,862.0800303336714
356,ge,1063,57.90352881698679,15.0,868.5529322548018
357,ge,1075,58.6731414141416,16.0,938.7702626262655
358,ge,1088,58.78041414141469,15.0,881.7062121212202
359,ge,1101,61.068312368972556,15.0,916.0246855345883
360,ge,1113,61.33985324947586,16.0,981.4376519916136
361,ge,1126,62.22977987421378,16.0,995.6764779874203
362,ge,1139,62.583700209643624,16.0,1001.339203354298
363,ge,1151,63.235094339622925,15.0,948.526415094344
364,ge,1164,64.4341893362348,16.0,1030.9470293797567
365,ge,1177,64.92965179542988,16.0,1038.874428726878
366,ge,1189,67.20350054525636,16.0,1075.2560087241018
367,ge,1202,68.08876772082841,16.0,1089.4202835332546
368,ge,1215,70.0991157205241,16.0,1121.5858515283855
369,ge,1227,70.03945414847158,16.0,1120.6312663755452
370,ge,1240,71.294061135371,17.0,1211.999039301307
371,ge,1252,72.16979257641924,17.0,1226.886473799127
372,ge,1265,73.37816192560133,17.0,1247.4287527352228
373,ge,1278,73.44193654266941,17.0,1248.5129212253794
374,ge,1290,77.0127676537583,17.0,1309.2170501138912
375,ge,1303,77.8025997719498,17.0,1322.6441961231465
376,ge,1316,79.3896241457858,18.0,1429.0132346241446
377,ge,1328,81.2532839224629,18.0,1462.5591106043319
378,heartwall,544,43.32629041856763,39.0,1689.7253263241375
379,heartwall,556,43.7232623169116,39.0,1705.207230359552
380,heartwall,569,43.68516438635979,39.0,1703.721411068032
381,heartwall,582,44.113577156267716,39.0,1720.4295090944413
382,heartwall,594,44.45557230708188,40.0,1778.222892283275
383,heartwall,607,45.35856708552886,40.0,1814.3426834211546
384,heartwall,620,45.18305697365694,40.0,1807.3222789462773
385,heartwall,632,45.311170984455785,41.0,1857.7580103626874
386,heartwall,645,45.49805636743202,41.0,1865.4203110647131
387,heartwall,658,45.85574136763732,41.0,1880.08539607313
388,heartwall,670,46.19817576870158,42.0,1940.3233822854666
389,heartwall,683,46.3699631236445,42.0,1947.5384511930688
390,heartwall,696,46.63628115435061,42.0,1958.723808482726
391,heartwall,708,46.9598480892474,42.0,1972.3136197483911
392,heartwall,721,47.050208749721634,42.0,1976.1087674883088
393,heartwall,734,47.10738692342064,43.0,2025.617637707088
394,heartwall,746,47.2670474040626,43.0,2032.4830383746921
395,heartwall,759,47.862613584213314,43.0,2058.092384121172
396,heartwall,772,47.86463638449018,43.0,2058.179364533078
397,heartwall,784,47.94799752168478,44.0,2109.7118909541305
398,heartwall,797,48.28646911727976,44.0,2124.6046411603093
399,heartwall,810,49.2854893515195,45.0,2217.8470208183776
400,heartwall,822,48.82745052685751,45.0,2197.235273708588
401,heartwall,835,49.2662008206619,46.0,2266.2452377504474
402,heartwall,847,49.4692281258251,46.0,2275.584493787955
403,heartwall,860,50.10594450373546,46.0,2304.8734471718312
404,heartwall,873,50.202247499999075,47.0,2359.5056324999564
405,heartwall,885,50.576131078224,48.0,2427.6542917547517
406,heartwall,898,50.76932773109285,48.0,2436.9277310924563
407,heartwall,911,51.19030601659746,48.0,2457.134688796678
408,heartwall,923,51.50824823252263,49.0,2523.904163393609
409,heartwall,936,51.58289717155754,50.0,2579.1448585778767
410,heartwall,949,52.02239130434768,50.0,2601.119565217384
411,heartwall,961,52.80908299319611,50.0,2640.454149659805
412,heartwall,974,52.950309917354794,52.0,2753.4161157024487
413,heartwall,987,52.97229670329655,52.0,2754.55942857142
414,heartwall,999,53.6092070753281,52.0,2787.678767917061
415,heartwall,1012,54.52183229813661,53.0,2889.6571118012403
416,heartwall,1025,54.185738733599614,54.0,2926.0298916143793
417,heartwall,1037,54.16690903906518,54.0,2925.0130881095192
418,heartwall,1050,54.70490977881232,55.0,3008.7700378346776
419,heartwall,1063,55.03642316647247,55.0,3027.0032741559853
420,heartwall,1075,57.109708766715244,56.0,3198.1436909360527
421,heartwall,1088,57.04108172362459,57.0,3251.341658246602
422,heartwall,1101,59.129494584838454,57.0,3370.381191335792
423,heartwall,1113,58.81101170819529,58.0,3411.038679075326
424,heartwall,1126,60.17401517450554,58.0,3490.092880121321
425,heartwall,1139,60.70357164774493,59.0,3581.510727216951
426,heartwall,1151,61.45330162626517,59.0,3625.744795949645
427,heartwall,1164,62.644581265508,59.0,3696.030294664973
428,heartwall,1177,64.35878411910652,60.0,3861.527047146391
429,heartwall,1189,64.85089084065243,61.0,3955.904341279798
430,heartwall,1202,65.6964189401071,61.0,4007.4815553465332
431,heartwall,1215,67.10401839517942,62.0,4160.449140501124
432,heartwall,1227,68.52063867325336,63.0,4316.8002364149625
433,heartwall,1240,69.92650416933938,64.0,4475.29626683772
434,heartwall,1252,71.16521090201199,65.0,4625.738708630781
435,heartwall,1265,72.34024286183053,65.0,4702.115786018984
436,heartwall,1278,72.51545454545438,66.0,4786.019999999989
437,heartwall,1290,74.95102257636171,67.0,5021.718512616234
438,heartwall,1303,76.77772925764235,68.0,5220.885589519681
439,heartwall,1316,78.24268745360074,69.0,5398.745434298451
440,heartwall,1328,79.240369499496,70.0,5546.8258649647205
441,histo,544,27.8041564537169,47.03598435462842,1307.795867950669
442,histo,556,27.82929240374701,47.98803329864725,1335.473010548803
443,histo,569,27.883308176101078,48.00327044025157,1338.4899831462578
444,histo,582,27.929817591204962,47.0,1312.7014267866332
445,histo,594,28.029376870748862,47.0,1317.3807129251966
446,histo,607,28.229801980197745,47.95700885878061,1353.8168636459661
447,histo,620,28.044642857142968,48.91657977059437,1371.8480094592635
448,histo,632,28.057116124070586,47.0,1318.6844578313173
449,histo,645,28.119965789473337,47.032894736842096,1322.5633909799008
450,histo,658,28.165631246711783,47.96685954760653,1351.016878080702
451,histo,670,28.23561686621536,47.00442477876106,1327.1989290699366
452,histo,683,28.243346075433106,47.031855249745156,1328.3369643882274
453,histo,696,28.3266379542395,47.021534320323006,1331.9619787446372
454,histo,708,28.36296795044429,47.96983571236196,1360.5669128978004
455,histo,721,28.363574007220727,47.047447137699855,1334.4337487409543
456,histo,734,28.394492983849762,47.0,1334.5411702409388
457,histo,746,28.44011944949409,47.969358608153726,1364.25428873151
458,histo,759,28.453608673206443,47.09679917398038,1340.07389345703
459,histo,772,28.575421654696,48.94040968342646,1398.492842657478
460,histo,784,28.55427457098332,47.04810192407696,1343.424420383702
461,histo,797,28.667765208648248,47.04424333836098,1348.6533224426469
462,histo,810,29.018147442872195,47.0,1363.8529298149929
463,histo,822,28.793576774193173,47.11845161290322,1356.7087539972356
464,histo,835,28.923585255899738,49.86396181384248,1442.244550719602
465,histo,847,28.922265486724942,47.052844500632105,1360.874860552868
466,histo,860,29.034201506101628,47.96728122565568,1392.6917088055322
467,histo,873,29.133444148936096,47.04095744680851,1370.4651064890754
468,histo,885,29.190833333333455,48.07232704402515,1403.271286687637
469,histo,898,29.183169500531672,48.0,1400.79213602552
470,histo,911,29.30348843122355,49.85252987541317,1460.8530324713959
471,histo,923,29.33381358120384,47.154144074360964,1383.2108718585323
472,histo,936,29.46651951547859,48.0,1414.3929367429723
473,histo,949,29.430196942213726,47.04742161181653,1384.6148836591226
474,histo,961,29.58244144392359,48.0,1419.9571893083325
475,histo,974,29.583950811092773,49.89534275248561,1476.1013656921486
476,histo,987,29.67174473684051,48.0,1424.2437473683444
477,histo,999,29.766107526880198,48.06720430107528,1430.7735717423247
478,histo,1012,30.180589473684503,47.0,1418.4877052631714
479,histo,1025,29.9179285344372,49.85473847747282,1491.550502872088
480,histo,1037,29.9959123898388,47.103162260238456,1412.902328442474
481,histo,1050,30.16278531524352,47.97339718010109,1447.011279986298
482,histo,1063,30.20054593175889,47.0,1419.4256587926675
483,histo,1075,30.719584623322483,47.948658410732705,1472.9628696232871
484,histo,1088,30.93444761410737,47.985477178423245,1484.4042300138785
485,histo,1101,31.19862316910884,49.936884154460714,1557.9620309744626
486,histo,1113,31.433466424683534,47.000518537723615,1477.3892213982513
487,histo,1126,31.73168807810821,47.0,1491.3893396710862
488,histo,1139,32.194285340999066,47.02377841651425,1513.8969401531726
489,histo,1151,32.602595212186344,48.999455930359076,1597.5094273148611
490,histo,1164,32.61187991609769,47.052700576822225,1534.4770209394271
491,histo,1177,33.43823104693314,47.0,1571.5968592058575
492,histo,1189,33.387836166925695,47.0,1569.2282998455073
493,histo,1202,33.80771397907055,47.99517037832037,1622.6069925270142
494,histo,1215,34.70485989010865,50.0,1735.2429945054325
495,histo,1227,34.82576155318409,47.0,1636.810792999652
496,histo,1240,35.30097814207647,47.0,1659.145972677594
497,histo,1252,35.5942121296042,47.0,1672.9279700913974
498,histo,1265,36.07381099270915,48.0,1731.542927650039
499,histo,1278,36.21311444141777,47.0,1702.0163787466354
500,histo,1290,36.924315467924906,48.0,1772.3671424603958
501,histo,1303,37.77216068001039,47.0,1775.2915519604885
502,histo,1316,37.84676310043625,47.0,1778.7978657205038
503,histo,1328,38.73326821099587,48.0,1859.1968741278013
504,hotspot,544,55.76373746184251,16.098124727431312,897.6916009284747
505,hotspot,556,55.30614170040565,16.0,884.8982672064903
506,hotspot,569,56.95360745115914,16.367105860972284,932.1657223173813
507,hotspot,582,56.188890742285004,16.004170141784822,899.2565675176872
508,hotspot,594,57.288307291666705,16.0,916.6129166666673
509,hotspot,607,53.91849924585214,17.478883861236802,942.4351862904333
510,hotspot,620,57.97348538529626,17.0,985.5492515500363
511,hotspot,632,54.947419610958576,17.108773322747126,940.0829467937602
512,hotspot,645,59.19685108344954,17.0,1006.3464684186423
513,hotspot,658,59.12702304147385,17.0,1005.1593917050552
514,hotspot,670,60.23988549618318,17.0,1024.078053435114
515,hotspot,683,57.103539635438786,17.22467147096227,983.5897100495056
516,hotspot,696,60.30459665870996,17.0,1025.1781431980694
517,hotspot,708,61.63940298507514,18.0,1109.5092537313526
518,hotspot,721,61.806711509716365,18.0,1112.5208071748946
519,hotspot,734,64.77333528379202,18.0,1165.9200351082566
520,hotspot,746,65.21019607843085,18.0,1173.7835294117556
521,hotspot,759,65.2360355029586,18.0,1174.2486390532545
522,hotspot,772,62.85379115226185,18.0,1131.3682407407132
523,hotspot,784,64.17439807383752,18.0,1155.1391653290755
524,hotspot,797,64.53568807339484,18.0,1161.642385321107
525,hotspot,810,65.13537145911296,19.0,1237.5720577231461
526,hotspot,822,68.2243370346173,19.0,1296.2624036577288
527,hotspot,835,65.85302002224586,19.00444938820912,1251.5003860734932
528,hotspot,847,65.89559331476275,19.0,1252.0162729804922
529,hotspot,860,65.92580645161264,19.007230255839826,1253.066983027732
530,hotspot,873,67.72466279069711,20.0,1354.493255813942
531,hotspot,885,70.79533788395923,20.003412969283275,1416.1483799927814
532,hotspot,898,67.4792329873145,20.003460207612452,1349.8181519019556
533,hotspot,911,68.32081620669564,20.0,1366.416324133913
534,hotspot,923,67.93873182082655,20.0,1358.7746364165312
535,hotspot,936,69.82076080340825,21.0,1466.2359768715733
536,hotspot,949,69.797112462007,21.0,1465.7393617021467
537,hotspot,961,68.53983976693388,21.331391114348143,1462.0501289832187
538,hotspot,974,69.98395985401433,21.0,1469.6631569343012
539,hotspot,987,74.839870624048,21.0,1571.637283105008
540,hotspot,999,74.89412300683392,22.03037205770691,1649.9453947762179
541,hotspot,1012,73.15930528999357,22.0,1609.5047163798583
542,hotspot,1025,76.20602158827997,22.0,1676.532474942159
543,hotspot,1037,68.03178631995398,23.13623516110797,1573.9994067287037
544,hotspot,1050,72.73573341836702,23.0,1672.9218686224415
545,hotspot,1063,75.06239625167326,23.0,1726.435113788485
546,hotspot,1075,80.86397404703979,23.0,1859.8714030819149
547,hotspot,1088,76.82381781647706,24.0,1843.7716275954492
548,hotspot,1101,79.7951135581544,24.0,1915.082725395706
549,hotspot,1113,78.96479381443271,24.0,1895.1550515463853
550,hotspot,1126,80.00480589022789,25.0,2000.1201472556968
551,hotspot,1139,83.8157586450253,25.0,2095.3939661256322
552,hotspot,1151,84.1875350140063,25.0,2104.688375350157
553,hotspot,1164,85.05176553672419,26.0,2211.3459039548293
554,hotspot,1177,92.43964532872029,26.0,2403.430778546728
555,hotspot,1189,87.67067796610142,26.0,2279.437627118637
556,hotspot,1202,88.91992942836954,27.0,2400.8380945659783
557,hotspot,1215,90.8973516949162,27.0,2454.228495762737
558,hotspot,1227,91.8074029640081,28.0,2570.607282992227
559,hotspot,1240,101.90241697416927,28.0,2853.2676752767393
560,hotspot,1252,97.79116331096131,28.0,2738.152572706917
561,hotspot,1265,99.11961566888368,29.0,2874.4688543976267
562,hotspot,1278,100.03135618479979,30.0,3000.940685543993
563,hotspot,1290,102.52611526946023,30.0,3075.7834580838066
564,hotspot,1303,103.96376865671549,31.0,3222.8768283581803
565,hotspot,1316,105.43147540983641,31.0,3268.3757377049287
566,hotspot,1328,114.53989805375299,32.0,3665.2767377200958
567,kmeans,544,29.94092514718244,62.0,1856.3373591253112
568,kmeans,556,29.995113540790488,62.0,1859.69703952901
569,kmeans,569,30.048192413646987,61.0,1832.9397372324665
570,kmeans,582,30.067976694915128,61.0,1834.146578389823
571,kmeans,594,30.136233050847498,62.0,1868.4464491525448
572,kmeans,607,30.371431253911943,61.0,1852.6573064886286
573,kmeans,620,30.19038650437749,61.0,1841.6135767670266
574,kmeans,632,30.210961864406862,61.0,1842.8686737288187
575,kmeans,645,30.251684817424717,62.0,1875.6044586803328
576,kmeans,658,30.334898305084764,62.0,1880.7636949152552
577,kmeans,670,30.37385863762545,63.0,1913.553094170403
578,kmeans,683,30.417544833475645,62.0,1885.8877796754905
579,kmeans,696,30.459839846252432,61.0,1858.0502306213987
580,kmeans,708,30.495739696312324,62.0,1890.7358611713641
581,kmeans,721,30.56506299380725,62.0,1895.0339056160494
582,kmeans,734,30.609115951313157,61.0,1867.1560730301026
583,kmeans,746,30.673655776211792,61.0,1871.093002348919
584,kmeans,759,30.65672939068085,62.0,1900.7172222222127
585,kmeans,772,30.69700423728815,61.0,1872.5172584745767
586,kmeans,784,30.792353192398018,63.0,1939.9182511210754
587,kmeans,797,30.88614722341795,62.0,1914.9411278519128
588,kmeans,810,31.190348067478016,63.0,1964.991928251115
589,kmeans,822,30.931289771514052,62.0,1917.739965833872
590,kmeans,835,31.016569915254227,61.0,1892.0107648305082
591,kmeans,847,31.083920563741227,62.0,1927.2030749519558
592,kmeans,860,31.18868644067798,61.0,1902.5098728813568
593,kmeans,873,31.222782404441517,62.0,1935.8125090753742
594,kmeans,885,31.250373491232036,62.0,1937.5231564563865
595,kmeans,898,31.32091821481959,62.0,1941.8969293188145
596,kmeans,911,31.518067154541484,62.0,1954.120163581572
597,kmeans,923,31.478612000854174,63.0,1983.1525560538128
598,kmeans,936,31.54595131326078,63.0,1987.3949327354287
599,kmeans,949,31.612709801409387,63.0,1991.6007174887911
600,kmeans,961,31.73812756264239,62.0,1967.7639088838282
601,kmeans,974,31.762475005554403,62.0,1969.2734503443728
602,kmeans,987,31.830638479607096,63.0,2005.330224215247
603,kmeans,999,31.943830171635014,63.0,2012.4613008130054
604,kmeans,1012,32.39979512615913,63.0,2041.187092948025
605,kmeans,1025,32.07821892816427,62.0,1988.8495735461847
606,kmeans,1037,32.18459995686873,62.0,1995.4451973258613
607,kmeans,1050,32.24310074040838,62.0,1999.0722459053195
608,kmeans,1063,32.230227608008406,62.0,1998.2741116965217
609,kmeans,1075,32.80227263000219,62.0,2033.7409030601361
610,kmeans,1088,32.82425568061172,62.0,2035.1038521979267
611,kmeans,1101,33.577414936871385,63.0,2115.3771410228974
612,kmeans,1113,33.6183415364862,63.0,2117.9555167986305
613,kmeans,1126,34.06163252102665,62.0,2111.821216303653
614,kmeans,1139,34.46111494500764,63.0,2171.0502415354813
615,kmeans,1151,34.55278655686613,62.0,2142.2727665257003
616,kmeans,1164,34.95882035799,62.0,2167.44686219538
617,kmeans,1177,35.78775946929175,63.0,2254.6288465653797
618,kmeans,1189,35.80749839503535,62.0,2220.064900492192
619,kmeans,1202,36.16091526863447,63.0,2278.1376619239713
620,kmeans,1215,37.1213219754151,63.0,2338.6432844511514
621,kmeans,1227,37.275820573646726,63.0,2348.376696139744
622,kmeans,1240,37.85721587233132,62.0,2347.147384084541
623,kmeans,1252,38.14624110416226,62.0,2365.0669484580603
624,kmeans,1265,38.63385146010583,63.0,2433.9326419866675
625,kmeans,1278,38.76517576018984,63.0,2442.20607289196
626,kmeans,1290,39.538695277118784,62.0,2451.3991071813643
627,kmeans,1303,40.49757865937067,63.0,2551.347455540353
628,kmeans,1316,40.55178472073623,63.0,2554.7624374063826
629,kmeans,1328,41.119929381553725,63.0,2590.555551037885
630,lavamd,544,38.89011583011506,8.0,311.12092664092046
631,lavamd,556,40.33332978723392,8.0,322.6666382978713
632,lavamd,569,39.223342967244406,8.0,313.78674373795525
633,lavamd,582,39.12294060369964,8.000973709834469,313.02161922161633
634,lavamd,594,40.041795665634545,8.0,320.33436532507636
635,lavamd,607,40.65286617492104,8.01159114857745,325.694142811301
636,lavamd,620,39.89420466058724,8.01823708206687,319.88119116908564
637,lavamd,632,40.03346271705788,8.012257405515832,320.758408123189
638,lavamd,645,40.441337579617745,8.012738853503185,324.0458769118415
639,lavamd,658,39.97792355371879,8.0,319.8233884297503
640,lavamd,670,40.49581178903805,9.0,364.4623061013424
641,lavamd,683,40.69218124341422,9.0,366.229631190728
642,lavamd,696,41.502974186307945,8.0,332.0237934904636
643,lavamd,708,40.40555214723941,9.024539877300613,364.6415166171115
644,lavamd,721,41.50457364341048,9.0,373.5411627906943
645,lavamd,734,41.70795735129041,9.0,375.3716161616137
646,lavamd,746,41.512755555555295,9.013333333333334,374.16830340740506
647,lavamd,759,41.733847874720475,9.0,375.6046308724843
648,lavamd,772,41.68481111111118,9.0,375.1633000000006
649,lavamd,784,42.04215419501178,9.0,378.37938775510605
650,lavamd,797,41.99853042479928,9.0,377.9867738231935
651,lavamd,810,42.524481566820356,9.0,382.7203341013833
652,lavamd,822,43.95772493573289,9.0,395.619524421596
653,lavamd,835,42.75071174377201,9.009489916963227,385.1621063985152
654,lavamd,847,43.494602774275116,9.0,391.45142496847603
655,lavamd,860,43.153365853658684,9.034146341463414,389.8538222486629
656,lavamd,873,43.673543505674736,9.0,393.0618915510726
657,lavamd,885,43.790455120101306,9.005056890012643,394.33553959605774
658,lavamd,898,43.5689427860695,9.014925373134329,392.7707678027758
659,lavamd,911,43.723665835411595,9.022443890274316,394.494321677105
660,lavamd,923,44.27201290322587,9.0,398.4481161290328
661,lavamd,936,43.970412499999945,9.02,396.61312074999944
662,lavamd,949,44.08220680958385,10.0,440.82206809583846
663,lavamd,961,44.124518147684505,10.008760951188986,441.63175422657446
664,lavamd,974,43.561128451380405,9.039615846338537,393.7758670334867
665,lavamd,987,44.31587121212115,10.0,443.15871212121147
666,lavamd,999,44.31626249999997,10.0175,443.9381595937497
667,lavamd,1012,45.067544080604456,10.0,450.6754408060445
668,lavamd,1025,44.824783715012494,10.0,448.24783715012484
669,lavamd,1037,44.65753787878799,10.0,446.57537878787986
670,lavamd,1050,45.03398983481573,10.0,450.33989834815736
671,lavamd,1063,45.10296060991117,10.0,451.02960609911173
672,lavamd,1075,45.63426208651365,12.0,547.6111450381637
673,lavamd,1088,47.08251728907298,10.0,470.82517289072985
674,lavamd,1101,47.30594524119976,11.0,520.3653976531973
675,lavamd,1113,48.43652759084827,11.0,532.801803499331
676,lavamd,1126,49.309229729729424,11.0,542.4015270270236
677,lavamd,1139,49.89942048517531,10.0,498.9942048517532
678,lavamd,1151,50.31028340080965,11.0,553.4131174089061
679,lavamd,1164,50.674231805930006,11.0,557.4165498652302
680,lavamd,1177,51.742756324900036,11.0,569.1703195739004
681,lavamd,1189,52.24196765498631,11.0,574.6616442048494
682,lavamd,1202,52.86476446837189,11.0,581.5124091520906
683,lavamd,1215,54.58854251012189,11.0,600.4739676113408
684,lavamd,1227,54.72876693766979,12.0,656.7452032520376
685,lavamd,1240,55.67239569313594,11.0,612.3963526244952
686,lavamd,1252,56.67499310344796,11.0,623.4249241379275
687,lavamd,1265,57.08174089068742,12.0,684.980890688249
688,lavamd,1278,57.33548517520131,12.0,688.0258221024158
689,lavamd,1290,58.56294751009453,12.0,702.7553701211342
690,lavamd,1303,60.01136118598384,12.0,720.1363342318061
691,lavamd,1316,60.371052631579005,13.0,784.8236842105272
692,lavamd,1328,61.00275067750657,12.0,732.0330081300788
693,lbm,544,52.595410122162654,12.0,631.1449214659517
694,lbm,556,54.67305736636279,11.0,601.4036310299907
695,lbm,569,53.71331508515726,11.0,590.8464659367297
696,lbm,582,54.40148604802148,11.001946787800131,598.5222546775834
697,lbm,594,54.29728866624946,12.021916092673766,652.7574484053372
698,lbm,607,52.38336712913537,11.162753468516538,584.7426131133312
699,lbm,620,54.7318355640541,11.002549394518802,602.189724246186
700,lbm,632,54.11587133041761,12.948782011242974,700.7346212060509
701,lbm,645,55.991211512717065,12.0,671.8945381526047
702,lbm,658,56.22245733788412,12.0,674.6694880546094
703,lbm,670,56.631681537405996,12.003431708991076,679.7745218995835
704,lbm,683,56.85361495844892,12.0,682.243379501387
705,lbm,696,57.30983074753203,12.0,687.7179689703844
706,lbm,708,57.26380234505884,12.067001675041876,691.002398817092
707,lbm,721,57.31928772919692,12.0,687.831452750363
708,lbm,734,58.01896451846533,12.0,696.2275742215837
709,lbm,746,60.17723756906067,12.0,722.126850828728
710,lbm,759,58.92749999999925,13.0,766.0574999999902
711,lbm,772,58.93026805659048,12.0,707.1632166790857
712,lbm,784,58.9424366616985,13.0,766.2516766020806
713,lbm,797,58.97011922503718,13.0,766.6115499254834
714,lbm,810,62.96983251231502,13.0,818.6078226600952
715,lbm,822,60.1132148377121,13.001545595054095,781.5647035777963
716,lbm,835,60.41690085870304,13.001561280249806,785.5140388772046
717,lbm,847,60.936172059984024,13.0,792.1702367797922
718,lbm,860,64.15882780083001,13.0,834.0647614107902
719,lbm,873,61.91965881397235,13.0,804.9555645816405
720,lbm,885,62.85198333333321,13.0,817.0757833333316
721,lbm,898,61.829176755448295,14.034705407586765,867.7542813563281
722,lbm,911,63.07581375838967,14.0,883.0613926174553
723,lbm,923,63.62725573491976,14.00424808836024,891.0518744933581
724,lbm,936,63.13190954773866,14.003350083752096,884.0582308527557
725,lbm,949,67.61666309012911,14.0,946.6332832618076
726,lbm,961,66.32807276302842,14.294985250737465,948.1588218573323
727,lbm,974,66.4570784103113,14.0,930.3990977443582
728,lbm,987,69.05740860215022,15.0,1035.8611290322533
729,lbm,999,65.21556145004433,15.0,978.233421750665
730,lbm,1012,66.51358997314235,15.0,997.7038495971353
731,lbm,1025,66.24169203222914,15.0,993.6253804834372
732,lbm,1037,66.59118173679478,15.0,998.8677260519216
733,lbm,1050,66.96350044762815,15.0,1004.452506714422
734,lbm,1063,72.07154749199566,15.0,1081.0732123799346
735,lbm,1075,70.28799812030066,16.0,1124.6079699248103
736,lbm,1088,69.78119444444397,16.0,1116.4991111111037
737,lbm,1101,71.7503622497616,16.0,1148.0057959961855
738,lbm,1113,75.21459685863866,16.0,1203.4335497382185
739,lbm,1126,73.01145833333345,16.0,1168.1833333333352
740,lbm,1139,74.38311601150531,17.0,1264.5129721955902
741,lbm,1151,74.4719961612287,17.0,1266.023934740888
742,lbm,1164,75.46047024951999,17.0,1282.82799424184
743,lbm,1177,76.54493282149693,17.0,1301.263857965448
744,lbm,1189,77.06032629558557,17.0,1310.0255470249547
745,lbm,1202,77.98951055662202,18.0,1403.8111900191964
746,lbm,1215,80.49630845771158,19.0,1529.42986069652
747,lbm,1227,82.26406882591064,18.0,1480.7532388663917
748,lbm,1240,85.64596133190146,19.0,1627.2732653061275
749,lbm,1252,84.09103621730397,19.0,1597.7296881287753
750,lbm,1265,85.89691914022639,19.0,1632.041463664301
751,lbm,1278,87.57772097976603,19.0,1663.9766986155546
752,lbm,1290,88.39175619834717,21.0,1856.2268801652906
753,lbm,1303,89.50839710444666,20.0,1790.1679420889332
754,lbm,1316,91.51336842105265,21.0,1921.7807368421052
755,lbm,1328,92.84850746268651,21.0,1949.8186567164169
756,lud,544,83.77686788718471,16.0,1340.429886194955
757,lud,556,84.00821412300671,16.0,1344.1314259681074
758,lud,569,85.67572033898328,16.0,1370.8115254237325
759,lud,582,87.16944102564064,17.0,1481.8804974358911
760,lud,594,86.90551460028763,15.0,1303.5827190043146
761,lud,607,90.47613054830299,16.0,1447.6180887728476
762,lud,620,88.86049034175383,17.0,1510.628335809815
763,lud,632,89.97094301563295,17.0,1529.5060312657602
764,lud,645,90.04561491935499,16.0,1440.7298387096798
765,lud,658,92.42524684873966,16.0,1478.8039495798346
766,lud,670,94.01732386673912,16.0,1504.277181867826
767,lud,683,93.93677038626656,17.0,1596.9250965665315
768,lud,696,96.07827586206841,16.0,1537.2524137930945
769,lud,708,95.06969365426708,16.0,1521.1150984682733
770,lud,721,97.93267835550186,16.0,1566.9228536880298
771,lud,734,97.52634812286665,17.0,1657.9479180887326
772,lud,746,97.5230358158047,17.0,1657.8916088686804
773,lud,759,99.02622170632573,16.0,1584.4195473012117
774,lud,772,100.63769413159486,16.0,1610.2031061055177
775,lud,784,100.61549763033145,18.0,1811.0789573459656
776,lud,797,102.10562613430092,18.0,1837.9012704174163
777,lud,810,105.37568454258678,18.0,1896.7623217665619
778,lud,822,103.75139060568588,17.0,1763.7736402966598
779,lud,835,103.8049907350213,17.0,1764.6848424953628
780,lud,847,105.344042956412,19.0,2001.536816171828
781,lud,860,105.50270372710035,17.0,1793.5459633607059
782,lud,873,108.50653343023242,18.0,1953.1176017441833
783,lud,885,108.99755952380929,18.0,1961.9560714285672
784,lud,898,110.99760837070257,18.0,1997.9569506726464
785,lud,911,111.58014189693802,18.0,2008.4425541448848
786,lud,923,112.82375373134323,20.0,2256.475074626865
787,lud,936,111.19499626587023,19.0,2112.7049290515342
788,lud,949,111.34557462686564,19.0,2115.5659179104473
789,lud,961,112.6770131670135,19.0,2140.8632501732563
790,lud,974,114.90343994314146,20.0,2298.0687988628288
791,lud,987,115.08065340909116,19.0,2186.5324147727315
792,lud,999,114.91009232954569,20.0,2298.201846590913
793,lud,1012,118.37232658959525,20.0,2367.446531791905
794,lud,1025,117.4778679817907,20.0,2349.557359635814
795,lud,1037,120.64272794662716,20.0,2412.854558932543
796,lud,1050,120.44908888888905,21.0,2529.4308666666698
797,lud,1063,123.92757220921185,22.0,2726.40658860266
798,lud,1075,125.32636221701792,21.0,2631.853606557376
799,lud,1088,126.64747072599519,21.0,2659.596885245899
800,lud,1101,127.10752851711037,22.0,2796.365627376428
801,lud,1113,129.40296577946765,22.0,2846.8652471482887
802,lud,1126,131.66945966514442,22.0,2896.7281126331764
803,lud,1139,133.29926562499992,23.0,3065.883109374998
804,lud,1151,137.06300546448097,24.0,3289.5121311475427
805,lud,1164,137.1440501519756,23.0,3154.3131534954387
806,lud,1177,141.8010460577673,24.0,3403.225105386416
807,lud,1189,145.38268710550042,24.0,3489.1844905320113
808,lud,1202,145.20174863387984,25.0,3630.043715846996
809,lud,1215,150.6616051364366,24.0,3615.8785232744776
810,lud,1227,154.77301765650054,25.0,3869.3254414125136
811,lud,1240,156.11048956661296,25.0,3902.762239165324
812,lud,1252,157.04287319422156,26.0,4083.114703049761
813,lud,1265,159.67588942307688,27.0,4311.249014423076
814,lud,1278,160.9672455573504,27.0,4346.115630048462
815,lud,1290,163.18179983857934,27.003228410008067,4406.435413397376
816,lud,1303,172.42853393665115,27.01538461538461,4658.22316296553
817,lud,1316,175.63005545286504,28.0,4917.641552680221
818,lud,1328,189.45654916512038,29.0,5494.239925788492
819,mriq,544,54.17922199170099,7.0,379.25455394190686
820,mriq,556,52.691330578511966,7.005785123966942,369.14413992896345
821,mriq,569,55.86440641711242,7.0032085561497315,391.23008900454766
822,mriq,582,53.74947773972599,7.001712328767122,376.3383809550335
823,mriq,594,54.05259808195291,7.0,378.36818657367036
824,mriq,607,56.352765113974286,7.0039643211100095,394.6927562541688
825,mriq,620,54.55455684870211,7.0,381.8818979409148
826,mriq,632,54.219227430555655,7.0868055555555545,384.24112217279196
827,mriq,645,58.62051742344257,7.0,410.34362196409796
828,mriq,658,56.85588011417696,7.0,397.9911607992387
829,mriq,670,57.62705653021414,7.004873294346979,403.6702293203207
830,mriq,683,58.13385982231018,7.005923000987169,407.2813456652866
831,mriq,696,57.615019685039734,7.0,403.3051377952781
832,mriq,708,58.95287200832471,7.1675338189386055,422.54670384322645
833,mriq,721,58.0709118541034,7.148936170212767,415.14524219103697
834,mriq,734,59.521776859504385,7.0,416.6524380165306
835,mriq,746,59.97380446333701,7.0095642933049955,420.3902382998628
836,mriq,759,60.69948936170224,8.001063829787235,485.66048881847087
837,mriq,772,60.68664876476901,8.0,485.49319011815214
838,mriq,784,62.22900110987807,8.0,497.83200887902456
839,mriq,797,63.076496598639714,8.001133786848072,504.68348809138377
840,mriq,810,64.75794600938954,8.0,518.0635680751163
841,mriq,822,64.05052570093433,8.0,512.4042056074746
842,mriq,835,66.81092055485485,8.0,534.4873644388388
843,mriq,847,67.06398989899002,8.0,536.5119191919201
844,mriq,860,66.64676729559761,8.007547169811321,533.6771328349364
845,mriq,873,67.40756722151085,8.0,539.2605377720868
846,mriq,885,67.69460746460729,8.0,541.5568597168583
847,mriq,898,65.31251207729473,9.057971014492754,591.5988412798436
848,mriq,911,66.95476130653255,9.007537688442213,603.0975358892441
849,mriq,923,67.18377049180303,9.0,604.6539344262272
850,mriq,936,66.68981320049804,9.037359900373596,602.6998435815867
851,mriq,949,67.83436061381036,9.0,610.5092455242932
852,mriq,961,67.96372924648794,9.0,611.6735632183915
853,mriq,974,67.99678571428579,9.0,611.9710714285723
854,mriq,987,68.25980769230773,9.0,614.3382692307697
855,mriq,999,66.3916565900851,9.255139056831922,614.4640139546691
856,mriq,1012,71.2174666666666,9.0,640.9571999999994
857,mriq,1025,70.20462566844928,10.0,702.0462566844926
858,mriq,1037,70.32191176470626,10.0,703.2191176470627
859,mriq,1050,71.42606756756743,10.0,714.2606756756744
860,mriq,1063,71.85990553306334,11.0,790.4589608636968
861,mriq,1075,73.22233468286177,13.0,951.8903508772031
862,mriq,1088,73.25025641025721,11.0,805.7528205128291
863,mriq,1101,74.558775235532,11.0,820.1465275908521
864,mriq,1113,74.56846763540298,12.036988110964336,897.5797583801744
865,mriq,1126,75.84411920529777,12.0,910.129430463573
866,mriq,1139,77.96935222672042,11.0,857.6628744939245
867,mriq,1151,79.25168918918915,12.0,951.0202702702696
868,mriq,1164,79.54158536585331,12.0,954.4990243902397
869,mriq,1177,81.86490540540504,12.0,982.3788648648607
870,mriq,1189,81.98873144399477,12.0,983.8647773279373
871,mriq,1202,84.79094262295058,12.0,1017.491311475407
872,mriq,1215,85.76109164420524,12.0,1029.1330997304628
873,mriq,1227,87.5212413793104,13.0,1137.7761379310352
874,mriq,1240,88.57916216216226,13.0,1151.5291081081093
875,mriq,1252,88.67268918918873,13.0,1152.7449594594534
876,mriq,1265,90.185418918919,14.0,1262.5958648648655
877,mriq,1278,92.48073002754845,13.00413223140496,1202.6316421351034
878,mriq,1290,93.82390516039035,14.0,1313.5346722454653
879,mriq,1303,95.23071135430936,14.0,1333.229958960331
880,mriq,1316,94.42089068825878,14.0,1321.892469635623
881,mriq,1328,98.40052341597729,14.0,1377.6073278236815
882,nw,544,37.155664679060244,18.0,668.8019642230844
883,nw,556,37.30874289772729,18.0,671.5573721590911
884,nw,569,37.58968647466268,18.0,676.6143565439282
885,nw,582,37.73697194719476,18.0,679.2654950495057
886,nw,594,37.99358398802836,18.0,683.8845117845107
887,nw,607,38.670711264898024,19.0,734.7435140330623
888,nw,620,38.50482651072132,19.0,731.5917037037053
889,nw,632,38.68261264822127,19.0,734.969640316204
890,nw,645,38.872343891402785,19.0,738.5745339366531
891,nw,658,38.94729530818757,19.0,739.9986108555638
892,nw,670,39.33342550557181,19.0,747.3350846058644
893,nw,683,39.53896814075128,20.0,790.7793628150256
894,nw,696,39.67746065504048,20.0,793.5492131008094
895,nw,708,39.763678756476644,20.0,795.2735751295329
896,nw,721,39.82221394125379,20.0,796.444278825076
897,nw,734,39.82315297589757,20.0,796.4630595179515
898,nw,746,39.94852116267197,20.0,798.9704232534394
899,nw,759,40.37307378904478,21.0,847.8345495699405
900,nw,772,40.45512461059185,21.0,849.5576168224287
901,nw,784,40.60080956761725,21.0,852.6170009199623
902,nw,797,40.878286620835574,21.0,858.4440190375473
903,nw,810,41.790130624092974,21.0,877.5927431059523
904,nw,822,41.207208749405716,22.0,906.5585924869257
905,nw,835,41.55784632641611,22.0,914.2726191811544
906,nw,847,41.79294436238312,22.0,919.4447759724286
907,nw,860,42.17298096192373,22.0,927.8055811623219
908,nw,873,42.220730140186824,23.0,971.0767932242967
909,nw,885,42.48091836734685,23.0,977.0611224489777
910,nw,898,42.49569097399289,23.0,977.4008924018367
911,nw,911,43.02702985856462,24.0,1032.6487166055506
912,nw,923,43.304137746930294,24.0,1039.2993059263272
913,nw,936,43.38361986118532,24.0,1041.2068766684476
914,nw,949,43.438415154749244,24.0,1042.5219637139817
915,nw,961,43.76996193583472,25.0,1094.2490483958682
916,nw,974,44.24762486126535,25.0,1106.1906215316335
917,nw,987,44.02648558758311,25.0,1100.6621396895778
918,nw,999,44.6837011884549,26.0,1161.7762308998276
919,nw,1012,45.500362765229426,26.0,1183.009431895965
920,nw,1025,45.10885500575387,26.0,1172.8302301496005
921,nw,1037,44.984073647871114,27.0,1214.5699884925202
922,nw,1050,45.561632413388345,27.0,1230.164075161485
923,nw,1063,46.27245803357323,27.0,1249.3563669064772
924,nw,1075,47.30507902298847,28.0,1324.542212643677
925,nw,1088,47.52786895284752,28.0,1330.7803306797305
926,nw,1101,48.248574051407935,28.0,1350.9600734394226
927,nw,1113,48.4532602118003,29.0,1405.1445461422086
928,nw,1126,49.36689342403629,29.0,1431.6399092970526
929,nw,1139,50.19447552447553,29.0,1455.6397902097901
930,nw,1151,50.96986790986791,30.0,1529.0960372960374
931,nw,1164,51.67947603833892,30.0,1550.3842811501675
932,nw,1177,52.85247874427722,31.0,1638.4268410725938
933,nw,1189,52.88677573822828,31.0,1639.4900478850766
934,nw,1202,54.256355661881926,32.0,1736.2033811802216
935,nw,1215,55.48141231593049,32.0,1775.4051941097755
936,nw,1227,56.14169230769229,33.0,1852.6758461538452
937,nw,1240,56.90580882352935,33.0,1877.8916911764686
938,nw,1252,57.5371095890411,33.0,1898.7246164383566
939,nw,1265,58.944817415730235,34.0,2004.123792134828
940,nw,1278,59.15277027027025,35.0,2070.346959459459
941,nw,1290,60.444561403508956,35.0,2115.559649122813
942,nw,1303,61.285221052631435,36.0,2206.2679578947323
943,nw,1316,62.07635343618512,36.0,2234.7487237026644
944,nw,1328,63.41032959326787,37.0,2346.1821949509117
945,spmv,544,70.84184936908396,28.0,1983.5717823343505
946,spmv,556,71.44987070887203,28.0,2000.5963798484167
947,spmv,569,70.91178641539156,28.00392618767177,1985.8084326125713
948,spmv,582,71.0935618066556,28.0,1990.619730586357
949,spmv,594,72.02820265379965,28.00160836349015,2016.9055218378
950,spmv,607,72.41039516129044,28.0,2027.491064516132
951,spmv,620,72.34555240793239,28.0,2025.675467422107
952,spmv,632,72.6991422764236,28.000406504065037,2035.6055362367208
953,spmv,645,72.77397148676198,28.0,2037.6712016293357
954,spmv,658,72.47695775792086,28.012997562956947,2030.2968410431704
955,spmv,670,73.0839162561578,28.0004105090312,2046.3796567800773
956,spmv,683,73.1837145207731,28.0,2049.144006581647
957,spmv,696,73.57117671346056,28.0,2059.992947976896
958,spmv,708,73.49823457792264,28.0,2057.950568181834
959,spmv,721,73.69388888888946,28.014005602240896,2064.461016184267
960,spmv,734,73.93595099667897,28.0,2070.2066279070114
961,spmv,746,74.14878231859899,28.0,2076.165904920772
962,spmv,759,74.1868320133393,28.0,2077.2312963735003
963,spmv,772,74.34386155129273,28.0,2081.628123436197
964,spmv,784,74.61116981132002,28.0,2089.1127547169613
965,spmv,797,74.81040152155495,28.0,2094.6912426035387
966,spmv,810,76.1506059322034,28.0,2132.216966101695
967,spmv,822,74.58272157190609,28.026337792642146,2090.280548268818
968,spmv,835,75.3681274131274,28.0,2110.3075675675673
969,spmv,847,75.57086715078987,28.0,2115.9842802221165
970,spmv,860,75.9463123236123,28.00752587017874,2127.068307148246
971,spmv,873,75.89578251599134,28.0,2125.0819104477578
972,spmv,885,76.24672797262623,28.00128314798973,2135.0062190692565
973,spmv,898,76.26807197943516,28.0,2135.506015424185
974,spmv,911,76.48408740359974,28.0,2141.554447300793
975,spmv,923,76.8770740103267,28.0,2152.5580722891477
976,spmv,936,77.14020008514274,28.02383993188591,2161.764619499692
977,spmv,949,76.87350710900473,29.0,2229.3317061611374
978,spmv,961,77.20723395088261,29.0,2239.009784575596
979,spmv,974,77.23376992675509,29.0,2239.779327875898
980,spmv,987,77.63012177301559,29.0,2251.2735314174524
981,spmv,999,77.57504140282411,29.0,2249.6762006818994
982,spmv,1012,78.99324041811856,29.0,2290.803972125438
983,spmv,1025,78.28240942819679,29.0,2270.189873417707
984,spmv,1037,77.9565412883708,29.004323389537397,2261.076733857731
985,spmv,1050,79.13458823529365,29.0,2294.903058823516
986,spmv,1063,79.21600609756052,29.0,2297.264176829255
987,spmv,1075,80.79277995642671,29.0,2342.9906187363745
988,spmv,1088,81.21713909609545,29.0,2355.2970337867678
989,spmv,1101,82.2867003537147,29.0,2386.314310257727
990,spmv,1113,82.73332521908543,30.0,2481.9997565725635
991,spmv,1126,83.65761821366048,30.0,2509.7285464098145
992,spmv,1139,84.1584450284713,30.0,2524.75335085414
993,spmv,1151,85.42027631578938,30.0,2562.608289473681
994,spmv,1164,85.69417688266115,30.0,2570.8253064798346
995,spmv,1177,88.46625165562989,30.0,2653.9875496688965
996,spmv,1189,88.10845070422427,30.0,2643.2535211267277
997,spmv,1202,89.19124370594145,30.0,2675.737311178244
998,spmv,1215,90.63279470198583,30.0,2718.9838410595753
999,spmv,1227,91.65775088028185,30.0,2749.732526408455
1000,spmv,1240,93.83217276333117,30.0,2814.9651828999354
1001,spmv,1252,94.20072687224705,30.0,2826.0218061674113
1002,spmv,1265,95.31682238871821,30.0,2859.504671661545
1003,spmv,1278,95.582329069254,31.0,2963.052201146874
1004,spmv,1290,97.63084625609233,31.0,3026.556233938862
1005,spmv,1303,99.26627050997713,31.0,3077.2543858092913
1006,spmv,1316,99.8169315895375,31.0,3094.3248792756626
1007,spmv,1328,102.16148049645331,31.0,3167.0058953900525
1008,srad,544,71.17359482409991,20.0,1423.4718964819979
1009,srad,556,70.47047391477501,20.122262046993228,1418.0253426889035
1010,srad,569,72.72853333333306,20.0,1454.5706666666613
1011,srad,582,72.0975435684648,20.184232365145224,1455.2335723420751
1012,srad,594,72.85061557788947,20.157035175879397,1468.4524207879856
1013,srad,607,73.52122954259382,20.12043642467478,1479.27922487568
1014,srad,620,75.30069148936262,20.00177304964539,1506.1473416515955
1015,srad,632,75.58185663401623,20.000445235975064,1511.6707844419604
1016,srad,645,75.56364931019169,20.002670226969293,1511.4747582981202
1017,srad,658,75.95687892376782,21.0,1595.0944573991242
1018,srad,670,76.7358048335613,20.09986320109439,1542.37917978046
1019,srad,683,77.38955760368685,20.0036866359447,1548.076459198543
1020,srad,696,78.4336869401228,21.0,1647.1074257425787
1021,srad,708,79.35268375241779,21.000967117988395,1666.4831022086582
1022,srad,721,78.1837905119777,21.104274307186472,1650.0121613403805
1023,srad,734,79.03708891013432,21.0,1659.7788671128205
1024,srad,746,80.45133660933656,21.006879606879608,1690.0315423648792
1025,srad,759,80.88501731815937,21.0,1698.5853636813467
1026,srad,772,83.12922472498715,21.0,1745.7137192247305
1027,srad,784,82.09566945606669,21.00470711297071,1724.3954921679365
1028,srad,797,82.60568816658203,21.02437785678009,1736.7332011335684
1029,srad,810,84.14544473007714,21.0,1767.05433933162
1030,srad,822,83.2067609254499,22.0,1830.5487403598975
1031,srad,835,82.41131712259333,22.029381965552176,1815.4703831778588
1032,srad,847,85.31945711183509,23.0,1962.3475135722074
1033,srad,860,85.18834750265667,23.0,1959.3319925611036
1034,srad,873,85.78397435897467,24.0,2058.8153846153923
1035,srad,885,85.6711122994655,22.00213903743316,1884.9477243043896
1036,srad,898,86.39406148867322,22.004854368932037,1901.0887413988141
1037,srad,911,86.30154180238863,22.003257328990227,1898.915032166564
1038,srad,923,87.53261132490404,22.0,1925.7174491478888
1039,srad,936,87.67846238330587,23.028555738605167,2019.1083580691559
1040,srad,949,88.06423119468967,24.0,2113.541548672552
1041,srad,961,88.51342075892819,24.002232142857146,2124.519672814185
1042,srad,974,88.66358974358994,23.0,2039.2625641025686
1043,srad,987,88.66088579387207,23.0,2039.2003732590576
1044,srad,999,90.85531615925066,23.0,2089.672271662765
1045,srad,1012,93.38348082595886,24.0,2241.2035398230128
1046,srad,1025,91.80803066037764,25.0,2295.2007665094416
1047,srad,1037,91.00587759815264,24.0,2184.1410623556635
1048,srad,1050,93.53189940828364,24.0,2244.7655857988075
1049,srad,1063,93.3150378126818,24.0,2239.5609075043635
1050,srad,1075,95.11931937172844,25.0,2377.9829842932113
1051,srad,1088,95.5454741128568,27.0,2579.7278010471337
1052,srad,1101,96.18082606166423,26.0,2500.70147760327
1053,srad,1113,97.04564027939355,25.0,2426.1410069848394
1054,srad,1126,98.47827225130901,26.0,2560.4350785340353
1055,srad,1139,98.97247943595778,26.0,2573.284465334902
1056,srad,1151,102.40631261315605,26.0,2662.564127942057
1057,srad,1164,103.7281862152356,28.0,2904.389214026597
1058,srad,1177,106.061371708512,27.0,2863.657036129824
1059,srad,1189,106.72347642079836,27.0,2881.5338633615556
1060,srad,1202,109.06568014705911,27.0,2944.773363970597
1061,srad,1215,110.09079316656491,28.0,3082.5422086638173
1062,srad,1227,111.70339220462908,28.0,3127.6949817296145
1063,srad,1240,113.65859841559984,28.0,3182.440755636795
1064,srad,1252,115.112051125989,29.0,3338.249482653681
1065,srad,1265,116.931808769793,29.0,3391.0224543239974
1066,srad,1278,118.37884923076916,30.0,3551.3654769230743
1067,srad,1290,121.02114461538449,31.0,3751.655483076919
1068,srad,1303,121.47450335161476,30.0,3644.235100548443
1069,srad,1316,123.39929920779993,31.0,3825.378275441798
1070,srad,1328,129.49217417783183,31.0,4014.257399512787
1071,stencil,544,84.86447495183043,17.0,1442.6960741811176
1072,stencil,556,83.6852412488178,17.374645222327338,1454.0013770430828
1073,stencil,569,89.87361538461502,17.0,1527.8514615384554
1074,stencil,582,90.77889218009452,17.0,1543.2411670616063
1075,stencil,594,88.83006259780834,17.001043296817947,1510.2037402843878
1076,stencil,607,91.7294048257377,17.0,1559.399882037541
1077,stencil,620,91.02433249370243,17.0,1547.4136523929412
1078,stencil,632,92.03212800875299,17.0,1564.5461761488014
1079,stencil,645,93.40923943662148,17.002253521126757,1588.1675701170702
1080,stencil,658,97.19101078167112,17.005390835579515,1652.7711240473398
1081,stencil,670,98.42687285223354,17.0,1673.2568384879705
1082,stencil,683,95.35493394600884,17.0,1621.0338770821506
1083,stencil,696,95.72707175925873,17.0,1627.3602199073985
1084,stencil,708,89.22060957178896,18.003022670025192,1606.2406567543826
1085,stencil,721,99.7401599443664,18.0,1795.3228789985953
1086,stencil,734,96.02564836448491,18.0,1728.4616705607282
1087,stencil,746,96.36357561547554,18.0,1734.5443610785596
1088,stencil,759,92.32712004730976,18.156712004730924,1676.3569289252225
1089,stencil,772,97.38080712166237,18.0,1752.8545281899226
1090,stencil,784,98.12436560432964,18.0,1766.2385808779336
1091,stencil,797,85.09155642023455,19.019941634241246,1618.436436679607
1092,stencil,810,100.31789218655376,18.0,1805.7220593579675
1093,stencil,822,98.8497764350468,18.0,1779.2959758308425
1094,stencil,835,99.28012172854609,18.001217285453443,1787.1630433618252
1095,stencil,847,99.37767498478314,18.0,1788.7981497260962
1096,stencil,860,103.95974207811321,18.008843036109067,1872.1946771591236
1097,stencil,873,101.02323638613852,19.0,1919.441491336632
1098,stencil,885,101.23119578686537,19.01363073110285,1924.772575159433
1099,stencil,898,105.85487823439871,19.0,2011.2426864535755
1100,stencil,911,101.47460534493472,19.02113113735239,1930.1617753770831
1101,stencil,923,103.6237236533958,19.0,1968.85074941452
1102,stencil,936,106.86236902050142,19.00303720577069,2030.7095743933855
1103,stencil,949,103.14331222292748,19.0,1959.7229322356225
1104,stencil,961,108.1311007751933,19.00232558139535,2054.7423824048947
1105,stencil,974,104.14072750478563,19.0,1978.6738225909264
1106,stencil,987,109.27872813990507,19.0,2076.2958346581963
1107,stencil,999,104.66019592476505,19.00391849529781,1988.9538330561347
1108,stencil,1012,106.85942968243714,20.0,2137.1885936487424
1109,stencil,1025,110.58773204196892,20.0,2211.7546408393787
1110,stencil,1037,110.93093419983737,20.0,2218.618683996747
1111,stencil,1050,108.3995649307834,20.0,2167.9912986156683
1112,stencil,1063,106.88337979094109,20.13937282229965,2152.564234117211
1113,stencil,1075,115.11435772357805,20.0,2302.287154471561
1114,stencil,1088,110.82755837224931,20.0,2216.5511674449867
1115,stencil,1101,113.48365526492444,21.0,2383.156760563413
1116,stencil,1113,114.27627595445387,21.0,2399.8017950435315
1117,stencil,1126,116.61251181633928,21.0,2448.862748143125
1118,stencil,1139,123.6827643630308,21.0,2597.338051623647
1119,stencil,1151,121.21166439290735,21.0,2545.4449522510545
1120,stencil,1164,122.3086068965504,21.0,2568.4807448275587
1121,stencil,1177,125.97856050069531,21.0,2645.5497705146013
1122,stencil,1189,130.52583824768362,21.0,2741.042603201356
1123,stencil,1202,127.197345254469,21.0,2671.144250343849
1124,stencil,1215,135.19422978723458,22.0,2974.273055319161
1125,stencil,1227,132.8909614035092,22.0,2923.6011508772026
1126,stencil,1240,135.67782095766836,22.0,2984.912061068704
1127,stencil,1252,135.75854961832027,23.0,3122.4466412213665
1128,stencil,1265,138.51948915325443,23.0,3185.9482505248525
1129,stencil,1278,140.08578026592082,24.0,3362.0587263821003
1130,stencil,1290,142.64432773109206,24.0,3423.463865546209
1131,stencil,1303,152.94019197207675,25.0,3823.504799301919
1132,stencil,1316,147.69125973106864,25.0,3692.2814932767155
1133,stencil,1328,151.58977401129968,26.0,3941.3341242937922
1134,tpacf,544,43.11404051172725,13.0,560.4825266524543
1135,tpacf,556,43.320207778370296,13.0,563.1627011188139
1136,tpacf,569,43.05042682926796,13.0,559.6555487804835
1137,tpacf,582,43.715605839416455,13.0,568.3028759124138
1138,tpacf,594,44.01152550767665,14.0,616.161357107473
1139,tpacf,607,45.49215674720102,14.0,636.8901944608143
1140,tpacf,620,44.779928094504186,14.0,626.9189933230588
1141,tpacf,632,45.16021978021982,14.0,632.2430769230775
1142,tpacf,645,45.55203733333336,14.0,637.728522666667
1143,tpacf,658,46.214474512272126,14.0,647.0026431718097
1144,tpacf,670,45.953603260869464,14.0,643.3504456521724
1145,tpacf,683,46.42699002217325,14.0,649.9778603104255
1146,tpacf,696,46.82980203619986,14.0,655.617228506798
1147,tpacf,708,47.52557354925768,15.0,712.883603238865
1148,tpacf,721,47.280075057736646,15.0,709.2011258660498
1149,tpacf,734,48.39063875088743,15.0,725.8595812633113
1150,tpacf,746,48.18571084337286,15.0,722.7856626505928
1151,tpacf,759,48.053532934131745,15.0,720.8029940119761
1152,tpacf,772,47.24827692307682,15.0,708.7241538461521
1153,tpacf,784,47.30381245195996,16.0,756.8609992313593
1154,tpacf,797,47.204865488086135,16.0,755.2778478093782
1155,tpacf,810,48.23636363636361,16.0,771.7818181818178
1156,tpacf,822,48.354071661237676,16.0,773.6651465798027
1157,tpacf,835,48.25331977217251,16.0,772.0531163547603
1158,tpacf,847,48.988741610738074,16.0,783.8198657718092
1159,tpacf,860,48.94746856663914,16.0,783.1594970662262
1160,tpacf,873,49.62853932584262,17.0,843.6851685393245
1161,tpacf,885,49.48261884183219,17.0,841.2045203111473
1162,tpacf,898,50.07769848349686,17.0,851.3208742194465
1163,tpacf,911,50.33145405887603,17.0,855.6347190008922
1164,tpacf,923,50.29278074866329,17.0,854.9772727272758
1165,tpacf,936,51.05808294930896,18.0,919.0454930875612
1166,tpacf,949,50.84647004608271,18.0,915.2364608294887
1167,tpacf,961,51.8396949475691,18.0,933.1145090562437
1168,tpacf,974,51.804842707340406,18.0,932.4871687321272
1169,tpacf,987,52.49712734452097,18.0,944.9482922013774
1170,tpacf,999,52.57684106614029,19.0,998.9599802566656
1171,tpacf,1012,53.75600401606419,19.0,1021.3640763052196
1172,tpacf,1025,52.92184738955866,19.0,1005.5151004016146
1173,tpacf,1037,52.926455823293274,19.0,1005.602660642572
1174,tpacf,1050,54.1487708333333,20.0,1082.975416666666
1175,tpacf,1063,55.34474025974019,20.0,1106.894805194804
1176,tpacf,1075,54.82550468262236,20.0,1096.5100936524473
1177,tpacf,1088,55.74422702702704,20.0,1114.8845405405407
1178,tpacf,1101,57.89290496760271,21.0,1215.7510043196567
1179,tpacf,1113,59.4420472440946,21.0,1248.2829921259868
1180,tpacf,1126,60.36506741573012,21.0,1267.6664157303326
1181,tpacf,1139,60.95166292134826,22.0,1340.9365842696616
1182,tpacf,1151,63.522002341920214,22.0,1397.484051522245
1183,tpacf,1164,63.78242388758768,22.0,1403.213325526929
1184,tpacf,1177,65.40300584795342,23.0,1504.2691345029284
1185,tpacf,1189,65.55918128655006,23.0,1507.8611695906513
1186,tpacf,1202,67.68427350427314,23.0,1556.7382905982822
1187,tpacf,1215,70.38114774114769,24.0,1689.1475457875445
1188,tpacf,1227,70.36534798534818,24.0,1688.7683516483564
1189,tpacf,1240,72.49668292682904,25.0,1812.4170731707266
1190,tpacf,1252,74.49900383141755,25.0,1862.4750957854385
1191,tpacf,1265,76.07047435897428,25.0,1901.761858974357
1192,tpacf,1278,75.96991025641017,26.0,1975.2176666666646
1193,tpacf,1290,77.62362820512836,26.0,2018.2143333333368
1194,tpacf,1303,80.76406410256389,27.0,2180.6297307692253
1195,tpacf,1316,81.67398717948745,27.0,2205.1976538461613
1196,tpacf,1328,82.79101282051256,28.0,2318.148358974352
